{"train/loss":0.15273167192935944,"epoch_loss":0.15273167192935944,"_wandb":{"runtime":170},"_runtime":170,"epoch":99,"_timestamp":1.7638164600742688e+09,"_step":199}