{"train/loss":0.1359756588935852,"epoch":99,"_timestamp":1.7638180674217e+09,"epoch_loss":0.1359756588935852,"_runtime":165,"_wandb":{"runtime":165},"_step":199}