{"_runtime":18,"_timestamp":1.763803002009001e+09,"_step":0,"train/loss":1.0658246278762817,"epoch":0,"_wandb":{"runtime":18}}