{"epoch_loss":0.20387673377990723,"lr":1.2464730973170658e-06,"_wandb":{"runtime":184},"_runtime":184,"_timestamp":1.7638028690896409e+09,"_step":199,"train/loss":0.20387673377990723,"epoch":99}