{"_step":199,"train/loss":0.17704254388809204,"epoch":99,"_timestamp":1.7638032161001432e+09,"epoch_loss":0.17704254388809204,"_wandb":{"runtime":181},"_runtime":181}